26-06-2017,11:28:00,83,103,103
26-06-2017,11:28:00,83,103,103
26-06-2017,11:28:00,83,103,103
26-06-2017,11:28:00,83,103,103
26-06-2017,11:28:00,84,103,103
26-06-2017,11:28:00,83,103,103
26-06-2017,11:28:00,84,103,103
26-06-2017,11:28:00,83,103,103
26-06-2017,11:28:00,84,103,103
26-06-2017,11:28:00,84,103,103
26-06-2017,11:28:00,84,103,103
26-06-2017,11:28:00,84,103,103
26-06-2017,11:28:00,84,103,103
26-06-2017,11:28:00,84,103,103
26-06-2017,11:28:00,84,103,103
26-06-2017,11:28:01,84,103,103
26-06-2017,11:28:01,84,103,103
26-06-2017,11:28:01,84,103,103
26-06-2017,11:28:01,83,103,103
26-06-2017,11:28:01,83,103,103
26-06-2017,11:28:01,83,103,103
26-06-2017,11:28:01,84,103,103
26-06-2017,11:28:01,83,103,103
26-06-2017,11:28:01,84,103,103
26-06-2017,11:28:01,84,103,103
26-06-2017,11:28:01,83,103,103
26-06-2017,11:28:01,83,103,103
26-06-2017,11:28:01,84,103,103
26-06-2017,11:28:01,84,103,103
26-06-2017,11:28:01,84,103,103
26-06-2017,11:28:02,84,103,103
26-06-2017,11:28:02,83,103,103
26-06-2017,11:28:02,83,103,103
26-06-2017,11:28:02,83,103,103
26-06-2017,11:28:02,83,103,103
26-06-2017,11:28:02,84,103,103
26-06-2017,11:28:02,84,103,103
26-06-2017,11:28:02,84,103,103
26-06-2017,11:28:02,84,103,103
26-06-2017,11:28:02,83,103,103
26-06-2017,11:28:02,83,103,103
26-06-2017,11:28:02,84,103,103
26-06-2017,11:28:02,83,103,103
26-06-2017,11:28:02,83,103,103
26-06-2017,11:28:03,83,103,22
26-06-2017,11:28:03,83,103,12
26-06-2017,11:28:03,83,103,12
26-06-2017,11:28:03,84,103,17
26-06-2017,11:28:03,83,28,103
26-06-2017,11:28:03,84,103,103
26-06-2017,11:28:03,84,103,103
26-06-2017,11:28:03,83,103,103
26-06-2017,11:28:03,86,103,103
26-06-2017,11:28:03,103,103,103
26-06-2017,11:28:03,103,103,103
26-06-2017,11:28:03,103,103,103
26-06-2017,11:28:03,84,103,103
26-06-2017,11:28:03,84,103,103
26-06-2017,11:28:03,84,103,103
26-06-2017,11:28:04,83,103,103
26-06-2017,11:28:04,83,103,28
26-06-2017,11:28:04,83,103,16
26-06-2017,11:28:04,84,103,103
26-06-2017,11:28:04,83,103,103
26-06-2017,11:28:04,83,103,103
26-06-2017,11:28:04,83,103,103
26-06-2017,11:28:04,83,103,103
26-06-2017,11:28:04,83,103,103
26-06-2017,11:28:04,84,103,103
26-06-2017,11:28:04,85,103,103
26-06-2017,11:28:04,103,103,103
26-06-2017,11:28:04,103,103,103
26-06-2017,11:28:04,103,103,103
26-06-2017,11:28:04,103,103,103
26-06-2017,11:28:05,103,92,103
26-06-2017,11:28:05,85,103,103
26-06-2017,11:28:05,83,103,103
26-06-2017,11:28:05,83,103,103
26-06-2017,11:28:05,83,103,103
26-06-2017,11:28:05,83,103,103
26-06-2017,11:28:05,83,103,103
26-06-2017,11:28:05,83,103,103
26-06-2017,11:28:05,84,103,103
26-06-2017,11:28:05,83,103,103
26-06-2017,11:28:05,84,103,103
26-06-2017,11:28:05,84,103,103
26-06-2017,11:28:05,83,103,103
26-06-2017,11:28:05,84,103,103
26-06-2017,11:28:06,83,103,103
26-06-2017,11:28:06,83,103,103
26-06-2017,11:28:06,84,103,103
26-06-2017,11:28:06,84,103,103
26-06-2017,11:28:06,84,103,103
26-06-2017,11:28:06,83,103,103
26-06-2017,11:28:06,83,103,103
26-06-2017,11:28:06,84,103,103
26-06-2017,11:28:06,84,103,103
26-06-2017,11:28:06,84,103,88
26-06-2017,11:28:06,83,103,89
26-06-2017,11:28:06,84,103,89
26-06-2017,11:28:06,84,103,88
26-06-2017,11:28:06,84,103,88
26-06-2017,11:28:06,83,103,89
26-06-2017,11:28:07,84,103,88
26-06-2017,11:28:07,84,103,89
26-06-2017,11:28:07,83,103,103
26-06-2017,11:28:07,84,103,103
26-06-2017,11:28:07,84,103,103
26-06-2017,11:28:07,84,103,103
26-06-2017,11:28:07,83,103,103
26-06-2017,11:28:07,83,103,103
26-06-2017,11:28:07,84,103,103
26-06-2017,11:28:07,84,103,103
26-06-2017,11:28:07,90,103,103
26-06-2017,11:28:07,103,103,103
26-06-2017,11:28:07,19,103,103
26-06-2017,11:28:07,27,103,103
26-06-2017,11:28:07,28,103,103
26-06-2017,11:28:08,28,103,103
26-06-2017,11:28:08,85,103,103
26-06-2017,11:28:08,83,103,103
26-06-2017,11:28:08,84,28,103
26-06-2017,11:28:08,84,103,103
26-06-2017,11:28:08,84,103,34
26-06-2017,11:28:08,84,103,32
26-06-2017,11:28:08,84,103,32
26-06-2017,11:28:08,84,103,36
26-06-2017,11:28:08,85,103,103
26-06-2017,11:28:08,103,103,27
26-06-2017,11:28:08,11,103,103
26-06-2017,11:28:08,103,103,103
26-06-2017,11:28:08,25,103,103
26-06-2017,11:28:08,26,103,103
26-06-2017,11:28:09,83,103,103
26-06-2017,11:28:09,84,103,103
26-06-2017,11:28:09,84,103,68
26-06-2017,11:28:09,84,103,65
26-06-2017,11:28:09,84,103,65
26-06-2017,11:28:09,84,103,103
26-06-2017,11:28:09,84,103,22
26-06-2017,11:28:09,83,103,19
26-06-2017,11:28:09,84,103,19
26-06-2017,11:28:09,84,103,103
26-06-2017,11:28:09,83,103,103
26-06-2017,11:28:09,84,103,103
26-06-2017,11:28:09,84,103,103
26-06-2017,11:28:09,83,103,103
26-06-2017,11:28:10,83,103,103
26-06-2017,11:28:10,83,103,103
26-06-2017,11:28:10,83,103,103
26-06-2017,11:28:10,84,103,103
26-06-2017,11:28:10,84,103,103
26-06-2017,11:28:10,83,103,103
26-06-2017,11:28:10,83,103,103
26-06-2017,11:28:10,84,103,103
26-06-2017,11:28:10,83,103,103
26-06-2017,11:28:10,84,103,103
26-06-2017,11:28:10,83,103,103
26-06-2017,11:28:10,83,103,103
26-06-2017,11:28:10,83,103,103
26-06-2017,11:28:10,83,103,103
26-06-2017,11:28:10,83,103,103
26-06-2017,11:28:11,83,103,103
26-06-2017,11:28:11,83,103,103
26-06-2017,11:28:11,83,103,103
26-06-2017,11:28:11,83,103,103
26-06-2017,11:28:11,84,103,64
26-06-2017,11:28:11,83,103,63
26-06-2017,11:28:11,83,103,63
26-06-2017,11:28:11,83,103,103
26-06-2017,11:28:11,83,103,103
26-06-2017,11:28:11,83,103,103
26-06-2017,11:28:11,83,103,13
26-06-2017,11:28:11,83,103,11
26-06-2017,11:28:11,83,103,20
26-06-2017,11:28:11,83,103,21
26-06-2017,11:28:11,83,103,103
26-06-2017,11:28:12,83,103,22
26-06-2017,11:28:12,84,103,103
26-06-2017,11:28:12,83,103,103
26-06-2017,11:28:12,83,103,103
26-06-2017,11:28:12,85,103,103
26-06-2017,11:28:12,20,103,103
26-06-2017,11:28:12,10,103,103
26-06-2017,11:28:12,10,103,103
26-06-2017,11:28:12,103,103,103
26-06-2017,11:28:12,84,103,26
26-06-2017,11:28:12,84,103,103
26-06-2017,11:28:12,84,103,27
26-06-2017,11:28:12,83,103,103
26-06-2017,11:28:12,83,103,27
26-06-2017,11:28:12,83,18,103
26-06-2017,11:28:13,83,103,103
26-06-2017,11:28:13,61,103,103
26-06-2017,11:28:13,83,103,103
26-06-2017,11:28:13,85,103,103
26-06-2017,11:28:13,103,103,103
26-06-2017,11:28:13,16,103,103
26-06-2017,11:28:13,17,103,103
26-06-2017,11:28:13,103,103,103
26-06-2017,11:28:13,103,103,103
26-06-2017,11:28:13,103,103,103
26-06-2017,11:28:13,84,103,103
26-06-2017,11:28:13,83,103,103
26-06-2017,11:28:13,83,103,103
26-06-2017,11:28:13,83,103,103
26-06-2017,11:28:13,83,103,103
26-06-2017,11:28:14,83,103,103
26-06-2017,11:28:14,83,103,103
26-06-2017,11:28:14,83,103,103
26-06-2017,11:28:14,83,103,103
26-06-2017,11:28:14,83,103,103
26-06-2017,11:28:14,83,103,103
26-06-2017,11:28:14,84,103,103
26-06-2017,11:28:14,84,103,103
26-06-2017,11:28:14,83,103,103
26-06-2017,11:28:14,84,103,103
26-06-2017,11:28:14,83,103,103
26-06-2017,11:28:14,83,103,103
26-06-2017,11:28:14,83,103,103
26-06-2017,11:28:14,84,103,103
26-06-2017,11:28:15,83,103,103
26-06-2017,11:28:15,83,103,103
26-06-2017,11:28:15,83,103,103
26-06-2017,11:28:15,84,103,103
26-06-2017,11:28:15,83,103,103
26-06-2017,11:28:15,83,103,103
26-06-2017,11:28:15,83,103,103
26-06-2017,11:28:15,84,103,103
26-06-2017,11:28:15,83,103,103
26-06-2017,11:28:15,83,103,103
26-06-2017,11:28:15,83,103,103
26-06-2017,11:28:15,83,103,103
26-06-2017,11:28:15,84,103,103
26-06-2017,11:28:15,84,103,103
26-06-2017,11:28:15,83,103,103
26-06-2017,11:28:16,83,103,103
26-06-2017,11:28:16,83,103,103
26-06-2017,11:28:16,84,103,103
26-06-2017,11:28:16,83,103,103
26-06-2017,11:28:16,83,103,103
26-06-2017,11:28:16,84,103,103
26-06-2017,11:28:16,84,103,103
26-06-2017,11:28:16,85,103,103
26-06-2017,11:28:16,89,103,103
26-06-2017,11:28:16,103,103,103
26-06-2017,11:28:16,103,103,103
26-06-2017,11:28:16,103,103,103
26-06-2017,11:28:16,22,103,103
26-06-2017,11:28:16,21,103,103
26-06-2017,11:28:17,83,103,103
26-06-2017,11:28:17,83,103,103
26-06-2017,11:28:17,84,103,103
26-06-2017,11:28:17,84,103,103
26-06-2017,11:28:17,84,32,103
26-06-2017,11:28:17,84,32,24
26-06-2017,11:28:17,84,103,23
26-06-2017,11:28:17,65,103,23
26-06-2017,11:28:17,65,103,21
26-06-2017,11:28:17,92,103,103
26-06-2017,11:28:17,103,103,103
26-06-2017,11:28:17,103,103,103
26-06-2017,11:28:17,103,103,103
26-06-2017,11:28:17,86,103,103
26-06-2017,11:28:17,84,103,103
26-06-2017,11:28:18,84,103,103
26-06-2017,11:28:18,83,103,103
26-06-2017,11:28:18,84,103,103
26-06-2017,11:28:18,84,103,103
26-06-2017,11:28:18,84,103,103
26-06-2017,11:28:18,84,103,103
26-06-2017,11:28:18,84,103,25
26-06-2017,11:28:18,84,103,25
26-06-2017,11:28:18,84,103,24
26-06-2017,11:28:18,83,103,26
26-06-2017,11:28:18,84,103,33
26-06-2017,11:28:18,83,103,103
26-06-2017,11:28:18,83,103,28
26-06-2017,11:28:18,84,103,103
26-06-2017,11:28:18,84,103,103
26-06-2017,11:28:19,84,103,103
26-06-2017,11:28:19,83,103,103
26-06-2017,11:28:19,83,103,103
26-06-2017,11:28:19,83,103,103
26-06-2017,11:28:19,84,103,103
26-06-2017,11:28:19,83,103,103
26-06-2017,11:28:19,84,103,103
26-06-2017,11:28:19,84,103,103
26-06-2017,11:28:19,84,103,103
26-06-2017,11:28:19,84,103,103
26-06-2017,11:28:19,84,103,103
26-06-2017,11:28:19,84,103,103
26-06-2017,11:28:19,84,103,103
26-06-2017,11:28:19,84,103,103
26-06-2017,11:28:19,83,103,103
26-06-2017,11:28:20,83,103,103
26-06-2017,11:28:20,84,103,103
26-06-2017,11:28:20,84,103,103
26-06-2017,11:28:20,84,103,103
26-06-2017,11:28:20,83,103,103
26-06-2017,11:28:20,84,103,103
26-06-2017,11:28:20,83,103,103
26-06-2017,11:28:20,84,103,103
26-06-2017,11:28:20,84,103,103
26-06-2017,11:28:20,83,103,103
26-06-2017,11:28:20,83,103,103
26-06-2017,11:28:20,83,103,103
26-06-2017,11:28:20,84,103,103
26-06-2017,11:28:20,84,103,103
26-06-2017,11:28:21,84,103,103
26-06-2017,11:28:21,84,103,103
26-06-2017,11:28:21,83,103,103
26-06-2017,11:28:21,84,103,62
26-06-2017,11:28:21,84,103,103
26-06-2017,11:28:21,84,103,18
26-06-2017,11:28:21,83,103,103
26-06-2017,11:28:21,83,103,103
26-06-2017,11:28:21,84,103,28
26-06-2017,11:28:21,83,103,30
26-06-2017,11:28:21,84,103,103
26-06-2017,11:28:21,16,103,103
26-06-2017,11:28:21,103,103,103
26-06-2017,11:28:21,103,103,103
26-06-2017,11:28:21,103,103,103
26-06-2017,11:28:22,17,103,103
26-06-2017,11:28:22,103,103,103
26-06-2017,11:28:22,103,103,103
26-06-2017,11:28:22,86,103,103
26-06-2017,11:28:22,84,103,16
26-06-2017,11:28:22,83,103,103
26-06-2017,11:28:22,83,103,16
26-06-2017,11:28:22,83,103,17
26-06-2017,11:28:22,84,103,103
26-06-2017,11:28:22,83,103,103
26-06-2017,11:28:22,83,18,103
26-06-2017,11:28:22,83,103,103
26-06-2017,11:28:22,83,103,103
26-06-2017,11:28:22,11,103,103
26-06-2017,11:28:22,12,103,103
26-06-2017,11:28:23,20,103,103
26-06-2017,11:28:23,103,103,103
26-06-2017,11:28:23,103,103,103
26-06-2017,11:28:23,103,103,103
26-06-2017,11:28:23,103,103,103
26-06-2017,11:28:23,84,103,103
26-06-2017,11:28:23,83,103,103
26-06-2017,11:28:23,83,103,103
26-06-2017,11:28:23,83,103,103
26-06-2017,11:28:23,83,103,103
26-06-2017,11:28:23,84,103,103
26-06-2017,11:28:23,84,103,103
26-06-2017,11:28:23,83,103,103
26-06-2017,11:28:23,83,103,103
26-06-2017,11:28:23,83,103,103
26-06-2017,11:28:24,84,103,103
26-06-2017,11:28:24,83,103,103
26-06-2017,11:28:24,83,103,103
26-06-2017,11:28:24,84,103,103
26-06-2017,11:28:24,83,103,103
26-06-2017,11:28:24,84,103,103
26-06-2017,11:28:24,84,103,103
26-06-2017,11:28:24,83,103,103
26-06-2017,11:28:24,84,103,103
26-06-2017,11:28:24,83,103,103
26-06-2017,11:28:24,84,103,103
26-06-2017,11:28:24,83,103,103
26-06-2017,11:28:24,83,103,103
26-06-2017,11:28:24,83,103,103
26-06-2017,11:28:25,84,103,103
26-06-2017,11:28:25,84,103,103
26-06-2017,11:28:25,84,103,103
26-06-2017,11:28:25,83,103,103
26-06-2017,11:28:25,83,103,103
26-06-2017,11:28:25,84,103,103
26-06-2017,11:28:25,84,103,103
26-06-2017,11:28:25,84,103,103
26-06-2017,11:28:25,83,103,103
26-06-2017,11:28:25,83,103,103
26-06-2017,11:28:25,83,103,103
26-06-2017,11:28:25,84,103,103
26-06-2017,11:28:25,83,103,103
26-06-2017,11:28:25,83,103,103
26-06-2017,11:28:25,83,103,103
26-06-2017,11:28:26,83,103,103
26-06-2017,11:28:26,83,103,103
26-06-2017,11:28:26,83,103,103
26-06-2017,11:28:26,84,103,103
26-06-2017,11:28:26,87,103,103
26-06-2017,11:28:26,103,103,103
26-06-2017,11:28:26,103,103,103
26-06-2017,11:28:26,20,103,103
26-06-2017,11:28:26,21,103,103
26-06-2017,11:28:26,22,103,103
26-06-2017,11:28:26,85,103,103
26-06-2017,11:28:26,84,103,72
26-06-2017,11:28:26,83,30,71
26-06-2017,11:28:26,84,31,37
26-06-2017,11:28:26,84,103,35
26-06-2017,11:28:27,84,103,33
26-06-2017,11:28:27,84,103,29
26-06-2017,11:28:27,83,103,26
26-06-2017,11:28:27,58,103,24
26-06-2017,11:28:27,103,103,103
26-06-2017,11:28:27,103,103,103
26-06-2017,11:28:27,103,103,103
26-06-2017,11:28:27,103,103,103
26-06-2017,11:28:27,103,103,103
26-06-2017,11:28:27,19,103,103
26-06-2017,11:28:27,83,103,103
26-06-2017,11:28:27,84,103,103
26-06-2017,11:28:27,84,103,103
26-06-2017,11:28:27,84,103,103
26-06-2017,11:28:28,84,103,20
26-06-2017,11:28:28,84,103,19
26-06-2017,11:28:28,84,103,19
26-06-2017,11:28:28,84,103,29
26-06-2017,11:28:28,84,103,21
26-06-2017,11:28:28,84,103,21
26-06-2017,11:28:28,84,103,103
26-06-2017,11:28:28,83,103,103
26-06-2017,11:28:28,83,103,103
26-06-2017,11:28:28,84,103,103
26-06-2017,11:28:28,83,103,103
26-06-2017,11:28:28,83,103,103
26-06-2017,11:28:28,83,103,103
26-06-2017,11:28:28,83,103,103
26-06-2017,11:28:28,83,103,103
26-06-2017,11:28:29,83,103,103
26-06-2017,11:28:29,83,103,103
26-06-2017,11:28:29,83,103,103
26-06-2017,11:28:29,84,103,103
26-06-2017,11:28:29,84,103,103
26-06-2017,11:28:29,83,103,103
26-06-2017,11:28:29,83,103,103
26-06-2017,11:28:29,83,103,103
26-06-2017,11:28:29,84,103,103
26-06-2017,11:28:29,84,103,103
26-06-2017,11:28:29,83,103,103
26-06-2017,11:28:29,83,103,103
26-06-2017,11:28:29,83,103,103
26-06-2017,11:28:29,83,103,103
26-06-2017,11:28:29,83,103,103
26-06-2017,11:28:30,84,103,103
26-06-2017,11:28:30,83,103,103
26-06-2017,11:28:30,83,103,61
26-06-2017,11:28:30,84,103,103
26-06-2017,11:28:30,83,103,61
26-06-2017,11:28:30,83,103,103
26-06-2017,11:28:30,83,103,103
26-06-2017,11:28:30,83,103,103
26-06-2017,11:28:30,83,103,103
26-06-2017,11:28:30,83,103,61
26-06-2017,11:28:30,83,103,103
26-06-2017,11:28:30,83,66,20
26-06-2017,11:28:30,84,103,20
26-06-2017,11:28:30,83,103,103
26-06-2017,11:28:30,83,103,103
26-06-2017,11:28:31,84,103,103
26-06-2017,11:28:31,83,103,103
26-06-2017,11:28:31,20,103,103
26-06-2017,11:28:31,27,103,103
26-06-2017,11:28:31,25,103,103
26-06-2017,11:28:31,103,103,23
26-06-2017,11:28:31,103,103,103
26-06-2017,11:28:31,103,103,22
26-06-2017,11:28:31,34,51,22
26-06-2017,11:28:31,84,103,24
26-06-2017,11:28:31,83,103,22
26-06-2017,11:28:31,84,103,28
26-06-2017,11:28:31,83,103,103
26-06-2017,11:28:31,83,103,103
26-06-2017,11:28:31,83,103,103
26-06-2017,11:28:32,83,103,103
26-06-2017,11:28:32,83,103,103
26-06-2017,11:28:32,27,103,103
26-06-2017,11:28:32,14,103,103
26-06-2017,11:28:32,103,103,103
26-06-2017,11:28:32,26,103,103
26-06-2017,11:28:32,103,103,103
26-06-2017,11:28:32,103,103,103
26-06-2017,11:28:32,88,103,103
26-06-2017,11:28:32,84,103,103
26-06-2017,11:28:32,84,103,103
26-06-2017,11:28:32,83,103,103
26-06-2017,11:28:32,83,103,103
26-06-2017,11:28:32,83,103,103
26-06-2017,11:28:32,83,103,103
26-06-2017,11:28:33,84,103,103
26-06-2017,11:28:33,83,103,103
26-06-2017,11:28:33,83,103,103
26-06-2017,11:28:33,83,103,103
26-06-2017,11:28:33,84,103,103
26-06-2017,11:28:33,83,103,103
26-06-2017,11:28:33,84,103,103
26-06-2017,11:28:33,83,103,103
26-06-2017,11:28:33,83,103,103
26-06-2017,11:28:33,83,103,103
26-06-2017,11:28:33,84,103,103
26-06-2017,11:28:33,84,103,103
26-06-2017,11:28:33,84,103,103
26-06-2017,11:28:33,84,103,103
26-06-2017,11:28:34,84,103,103
26-06-2017,11:28:34,83,103,103
26-06-2017,11:28:34,84,103,103
26-06-2017,11:28:34,84,103,103
26-06-2017,11:28:34,83,103,103
26-06-2017,11:28:34,84,103,103
26-06-2017,11:28:34,84,103,103
26-06-2017,11:28:34,84,103,103
26-06-2017,11:28:34,84,103,103
26-06-2017,11:28:34,84,103,89
26-06-2017,11:28:34,84,103,103
26-06-2017,11:28:34,84,103,103
26-06-2017,11:28:34,84,103,89
26-06-2017,11:28:34,84,103,103
26-06-2017,11:28:34,83,103,90
26-06-2017,11:28:35,84,103,103
26-06-2017,11:28:35,84,103,103
26-06-2017,11:28:35,83,103,103
26-06-2017,11:28:35,83,103,103
26-06-2017,11:28:35,83,103,103
26-06-2017,11:28:35,84,103,103
26-06-2017,11:28:35,83,103,103
26-06-2017,11:28:35,83,103,103
26-06-2017,11:28:35,84,103,103
26-06-2017,11:28:35,87,103,103
26-06-2017,11:28:35,103,103,103
26-06-2017,11:28:35,103,103,103
26-06-2017,11:28:35,18,103,103
26-06-2017,11:28:35,19,103,103
26-06-2017,11:28:36,103,103,103
26-06-2017,11:28:36,85,103,103
26-06-2017,11:28:36,84,103,103
26-06-2017,11:28:36,84,31,75
26-06-2017,11:28:36,84,103,103
26-06-2017,11:28:36,84,27,33
26-06-2017,11:28:36,83,103,32
26-06-2017,11:28:36,86,103,33
26-06-2017,11:28:36,103,103,27
26-06-2017,11:28:36,103,103,27
26-06-2017,11:28:36,103,72,26
26-06-2017,11:28:36,103,103,103
26-06-2017,11:28:36,103,103,37
26-06-2017,11:28:36,84,103,103
26-06-2017,11:28:36,84,103,103
26-06-2017,11:28:37,84,103,103
26-06-2017,11:28:37,83,103,103
26-06-2017,11:28:37,84,103,103
26-06-2017,11:28:37,83,103,103
26-06-2017,11:28:37,83,103,25
26-06-2017,11:28:37,83,103,25
26-06-2017,11:28:37,83,103,25
26-06-2017,11:28:37,84,103,26
26-06-2017,11:28:37,84,103,26
26-06-2017,11:28:37,83,103,27
26-06-2017,11:28:37,84,103,28
26-06-2017,11:28:37,84,103,38
26-06-2017,11:28:37,84,103,103
26-06-2017,11:28:37,84,103,103
26-06-2017,11:28:37,84,103,103
26-06-2017,11:28:38,83,103,103
26-06-2017,11:28:38,84,103,103
26-06-2017,11:28:38,84,103,103
26-06-2017,11:28:38,84,103,103
26-06-2017,11:28:38,84,103,103
26-06-2017,11:28:38,84,103,103
26-06-2017,11:28:38,84,103,91
26-06-2017,11:28:38,84,103,88
26-06-2017,11:28:38,83,103,88
26-06-2017,11:28:38,84,103,87
26-06-2017,11:28:38,84,103,103
26-06-2017,11:28:38,84,103,87
26-06-2017,11:28:38,84,103,90
26-06-2017,11:28:38,83,103,89
26-06-2017,11:28:38,84,103,89
26-06-2017,11:28:39,84,103,103
26-06-2017,11:28:39,83,103,103
26-06-2017,11:28:39,83,103,103
26-06-2017,11:28:39,84,103,103
26-06-2017,11:28:39,83,103,48
26-06-2017,11:28:39,83,103,50
26-06-2017,11:28:39,84,103,103
26-06-2017,11:28:39,83,103,50
26-06-2017,11:28:39,84,103,103
26-06-2017,11:28:39,84,103,103
26-06-2017,11:28:39,83,103,103
26-06-2017,11:28:39,84,103,103
26-06-2017,11:28:39,84,103,103
26-06-2017,11:28:39,84,103,103
26-06-2017,11:28:39,84,103,103
26-06-2017,11:28:40,84,103,103
26-06-2017,11:28:40,84,103,103
26-06-2017,11:28:40,84,103,103
26-06-2017,11:28:40,84,103,103
26-06-2017,11:28:40,84,103,103
26-06-2017,11:28:40,83,103,103
26-06-2017,11:28:40,84,103,103
26-06-2017,11:28:40,83,103,103
26-06-2017,11:28:40,83,103,103
26-06-2017,11:28:40,83,103,103
26-06-2017,11:28:40,83,103,103
26-06-2017,11:28:40,83,103,103
26-06-2017,11:28:40,83,103,103
26-06-2017,11:28:40,83,103,103
26-06-2017,11:28:41,83,103,103
26-06-2017,11:28:41,83,103,103
26-06-2017,11:28:41,83,103,103
26-06-2017,11:28:41,83,103,103
26-06-2017,11:28:41,83,103,103
26-06-2017,11:28:41,83,103,103
26-06-2017,11:28:41,83,103,103
26-06-2017,11:28:41,83,103,103
26-06-2017,11:28:41,83,103,103
26-06-2017,11:28:41,84,103,103
26-06-2017,11:28:41,83,103,103
26-06-2017,11:28:41,83,103,103
26-06-2017,11:28:41,83,103,103
26-06-2017,11:28:41,83,103,103
26-06-2017,11:28:41,83,103,103
26-06-2017,11:28:42,83,103,103
26-06-2017,11:28:42,83,103,103
26-06-2017,11:28:42,83,103,103
26-06-2017,11:28:42,83,103,103
26-06-2017,11:28:42,83,103,103
26-06-2017,11:28:42,84,103,103
26-06-2017,11:28:42,83,103,103
26-06-2017,11:28:42,83,103,103
26-06-2017,11:28:42,84,103,103
26-06-2017,11:28:42,83,103,103
26-06-2017,11:28:42,83,103,103
26-06-2017,11:28:42,83,103,103
26-06-2017,11:28:42,84,103,103
26-06-2017,11:28:42,84,103,103
26-06-2017,11:28:43,83,103,103
26-06-2017,11:28:43,83,103,103
26-06-2017,11:28:43,83,103,103
26-06-2017,11:28:43,84,103,103
26-06-2017,11:28:43,84,103,103
26-06-2017,11:28:43,84,103,103
26-06-2017,11:28:43,84,103,103
26-06-2017,11:28:43,84,103,103
26-06-2017,11:28:43,84,103,103
26-06-2017,11:28:43,84,103,103
26-06-2017,11:28:43,84,103,103
26-06-2017,11:28:43,84,103,103
26-06-2017,11:28:43,83,103,103
26-06-2017,11:28:43,84,103,103
26-06-2017,11:28:43,84,103,103
26-06-2017,11:28:44,84,103,103
26-06-2017,11:28:44,83,103,103
26-06-2017,11:28:44,83,103,103
26-06-2017,11:28:44,84,103,103
26-06-2017,11:28:44,84,103,103
26-06-2017,11:28:44,83,103,103
26-06-2017,11:28:44,83,103,103
26-06-2017,11:28:44,83,103,103
26-06-2017,11:28:44,84,103,103
26-06-2017,11:28:44,84,103,103
26-06-2017,11:28:44,84,103,103
26-06-2017,11:28:44,83,103,103
26-06-2017,11:28:44,83,103,103
26-06-2017,11:28:44,84,103,103
26-06-2017,11:28:45,84,103,103
26-06-2017,11:28:45,84,103,103
26-06-2017,11:28:45,83,103,103
26-06-2017,11:28:45,83,103,103
26-06-2017,11:28:45,84,103,103
26-06-2017,11:28:45,84,103,103
26-06-2017,11:28:45,83,103,103
26-06-2017,11:28:45,84,103,103
26-06-2017,11:28:45,83,103,103
26-06-2017,11:28:45,84,103,103
26-06-2017,11:28:45,84,103,103
26-06-2017,11:28:45,84,103,103
26-06-2017,11:28:45,83,103,103
26-06-2017,11:28:45,83,103,103
26-06-2017,11:28:45,84,103,103
26-06-2017,11:28:46,84,103,103
26-06-2017,11:28:46,84,103,103
26-06-2017,11:28:46,83,103,103
26-06-2017,11:28:46,84,103,103
26-06-2017,11:28:46,84,103,103
26-06-2017,11:28:46,84,103,103
26-06-2017,11:28:46,83,103,103
26-06-2017,11:28:46,83,103,103
26-06-2017,11:28:46,84,103,103
26-06-2017,11:28:46,84,103,103
26-06-2017,11:28:46,84,103,103
26-06-2017,11:28:46,83,103,103
26-06-2017,11:28:46,83,103,103
26-06-2017,11:28:46,84,103,103
26-06-2017,11:28:46,84,103,103
26-06-2017,11:28:47,84,103,103
26-06-2017,11:28:47,84,103,103
26-06-2017,11:28:47,83,103,103
26-06-2017,11:28:47,84,103,103
26-06-2017,11:28:47,84,103,103
26-06-2017,11:28:47,84,103,103
26-06-2017,11:28:47,83,103,103
26-06-2017,11:28:47,84,103,103
26-06-2017,11:28:47,84,103,103
26-06-2017,11:28:47,83,103,103
26-06-2017,11:28:47,84,103,103
26-06-2017,11:28:47,83,103,103
26-06-2017,11:28:47,84,103,103
26-06-2017,11:28:47,84,103,103
26-06-2017,11:28:48,84,103,103
26-06-2017,11:28:48,83,103,103
26-06-2017,11:28:48,83,103,103
26-06-2017,11:28:48,83,103,103
26-06-2017,11:28:48,84,103,103
26-06-2017,11:28:48,83,103,103
26-06-2017,11:28:48,83,103,103
26-06-2017,11:28:48,83,103,103
26-06-2017,11:28:48,83,103,103
26-06-2017,11:28:48,84,103,103
26-06-2017,11:28:48,84,103,103
26-06-2017,11:28:48,84,103,103
26-06-2017,11:28:48,84,103,103
26-06-2017,11:28:48,84,103,103
26-06-2017,11:28:48,84,103,103
26-06-2017,11:28:49,84,103,103
26-06-2017,11:28:49,84,103,103
26-06-2017,11:28:49,84,103,103
26-06-2017,11:28:49,84,103,103
26-06-2017,11:28:49,84,103,103
26-06-2017,11:28:49,84,103,103
26-06-2017,11:28:49,84,103,103
26-06-2017,11:28:49,84,103,103
26-06-2017,11:28:49,84,103,103
26-06-2017,11:28:49,83,103,103
26-06-2017,11:28:49,84,103,103
26-06-2017,11:28:49,84,103,103
26-06-2017,11:28:49,84,103,103
26-06-2017,11:28:49,84,103,103
26-06-2017,11:28:50,84,103,103
26-06-2017,11:28:50,84,103,103
26-06-2017,11:28:50,84,103,103
26-06-2017,11:28:50,84,103,103
26-06-2017,11:28:50,84,103,103
26-06-2017,11:28:50,83,103,103
26-06-2017,11:28:50,84,103,103
26-06-2017,11:28:50,84,103,103
26-06-2017,11:28:50,84,103,103
26-06-2017,11:28:50,83,103,103
26-06-2017,11:28:50,84,103,103
26-06-2017,11:28:50,84,103,103
26-06-2017,11:28:50,84,103,103
26-06-2017,11:28:50,84,103,103
26-06-2017,11:28:50,83,103,103
26-06-2017,11:28:51,84,103,103
26-06-2017,11:28:51,84,103,103
26-06-2017,11:28:51,84,103,103
26-06-2017,11:28:51,83,103,103
26-06-2017,11:28:51,83,103,103
26-06-2017,11:28:51,84,103,103
26-06-2017,11:28:51,83,103,103
26-06-2017,11:28:51,83,103,103
26-06-2017,11:28:51,83,103,103
26-06-2017,11:28:51,84,103,103
26-06-2017,11:28:51,84,103,103
26-06-2017,11:28:51,83,103,103
26-06-2017,11:28:51,83,103,103
26-06-2017,11:28:51,83,103,103
26-06-2017,11:28:52,84,103,103
26-06-2017,11:28:52,83,103,103
26-06-2017,11:28:52,83,103,103
26-06-2017,11:28:52,83,103,103
26-06-2017,11:28:52,84,103,103
26-06-2017,11:28:52,84,103,103
26-06-2017,11:28:52,83,103,103
26-06-2017,11:28:52,83,103,103
26-06-2017,11:28:52,83,103,103
26-06-2017,11:28:52,83,103,103
26-06-2017,11:28:52,84,103,103
26-06-2017,11:28:52,84,103,103
26-06-2017,11:28:52,83,103,103
26-06-2017,11:28:52,83,103,103
26-06-2017,11:28:52,83,103,103
26-06-2017,11:28:53,83,103,103
26-06-2017,11:28:53,83,103,103
26-06-2017,11:28:53,83,103,103
26-06-2017,11:28:53,83,103,103
26-06-2017,11:28:53,84,103,103
26-06-2017,11:28:53,83,103,103
26-06-2017,11:28:53,83,103,103
26-06-2017,11:28:53,83,103,103
26-06-2017,11:28:53,83,103,103
26-06-2017,11:28:53,83,103,103
26-06-2017,11:28:53,83,103,103
26-06-2017,11:28:53,83,103,103
26-06-2017,11:28:53,83,103,103
26-06-2017,11:28:53,83,103,103
26-06-2017,11:28:54,83,103,103
26-06-2017,11:28:54,84,103,103
26-06-2017,11:28:54,83,103,103
26-06-2017,11:28:54,83,103,103
26-06-2017,11:28:54,83,103,103
26-06-2017,11:28:54,84,103,103
26-06-2017,11:28:54,83,103,103
26-06-2017,11:28:54,83,103,103
26-06-2017,11:28:54,84,103,103
26-06-2017,11:28:54,83,103,103
26-06-2017,11:28:54,83,103,103
26-06-2017,11:28:54,83,103,103
26-06-2017,11:28:54,83,103,103
26-06-2017,11:28:54,83,103,103
26-06-2017,11:28:54,83,103,103
26-06-2017,11:28:55,83,103,103
26-06-2017,11:28:55,83,103,103
26-06-2017,11:28:55,83,103,103
26-06-2017,11:28:55,83,103,103
26-06-2017,11:28:55,83,103,103
26-06-2017,11:28:55,83,103,103
26-06-2017,11:28:55,83,103,103
26-06-2017,11:28:55,83,103,103
26-06-2017,11:28:55,83,103,103
26-06-2017,11:28:55,83,103,103
26-06-2017,11:28:55,83,103,103
26-06-2017,11:28:55,83,103,103
26-06-2017,11:28:55,83,103,103
26-06-2017,11:28:55,83,103,103
26-06-2017,11:28:55,83,103,103
26-06-2017,11:28:56,83,103,103
26-06-2017,11:28:56,83,103,103
26-06-2017,11:28:56,83,103,103
26-06-2017,11:28:56,84,103,103
26-06-2017,11:28:56,83,103,103
26-06-2017,11:28:56,83,103,103
26-06-2017,11:28:56,83,103,103
26-06-2017,11:28:56,83,103,103
26-06-2017,11:28:56,83,103,103
26-06-2017,11:28:56,84,103,103
26-06-2017,11:28:56,84,103,103
26-06-2017,11:28:56,83,103,103
26-06-2017,11:28:56,84,103,103
26-06-2017,11:28:56,83,103,103
26-06-2017,11:28:57,83,103,103
26-06-2017,11:28:57,84,103,103
26-06-2017,11:28:57,84,103,103
26-06-2017,11:28:57,84,103,103
26-06-2017,11:28:57,83,103,103
26-06-2017,11:28:57,84,103,103
26-06-2017,11:28:57,84,103,103
26-06-2017,11:28:57,83,103,103
26-06-2017,11:28:57,83,103,103
26-06-2017,11:28:57,84,103,103
26-06-2017,11:28:57,84,103,103
26-06-2017,11:28:57,84,103,103
26-06-2017,11:28:57,84,103,103
26-06-2017,11:28:57,84,103,103
26-06-2017,11:28:57,84,103,103
26-06-2017,11:28:58,84,103,103
26-06-2017,11:28:58,84,103,103
26-06-2017,11:28:58,83,103,103
26-06-2017,11:28:58,83,103,103
26-06-2017,11:28:58,84,103,103
26-06-2017,11:28:58,83,103,103
26-06-2017,11:28:58,83,103,103
26-06-2017,11:28:58,84,103,103
26-06-2017,11:28:58,84,103,103
26-06-2017,11:28:58,83,103,103
26-06-2017,11:28:58,83,103,103
26-06-2017,11:28:58,84,103,103
26-06-2017,11:28:58,83,103,103
26-06-2017,11:28:58,84,103,103
26-06-2017,11:28:59,83,103,103
26-06-2017,11:28:59,84,103,103
26-06-2017,11:28:59,84,103,103
26-06-2017,11:28:59,84,103,103
26-06-2017,11:28:59,83,103,103
26-06-2017,11:28:59,83,103,103
26-06-2017,11:28:59,84,103,103
26-06-2017,11:28:59,84,103,103
26-06-2017,11:28:59,83,103,103
26-06-2017,11:28:59,84,103,103
26-06-2017,11:28:59,84,103,103
26-06-2017,11:28:59,84,103,103
26-06-2017,11:28:59,83,103,103
26-06-2017,11:28:59,84,103,103
26-06-2017,11:28:59,83,103,103
26-06-2017,11:29:00,83,103,103
26-06-2017,11:29:00,84,103,103
26-06-2017,11:29:00,83,103,103
26-06-2017,11:29:00,84,103,103
26-06-2017,11:29:00,83,103,103
26-06-2017,11:29:00,83,103,103
26-06-2017,11:29:00,84,103,103
26-06-2017,11:29:00,83,103,103
26-06-2017,11:29:00,83,103,103
26-06-2017,11:29:00,84,103,103
26-06-2017,11:29:00,84,103,103
26-06-2017,11:29:00,83,103,103
26-06-2017,11:29:00,83,103,103
26-06-2017,11:29:00,84,103,103
26-06-2017,11:29:01,84,103,103
26-06-2017,11:29:01,84,103,103
26-06-2017,11:29:01,84,103,103
26-06-2017,11:29:01,83,103,103
26-06-2017,11:29:01,84,103,103
26-06-2017,11:29:01,84,103,103
26-06-2017,11:29:01,83,103,103
26-06-2017,11:29:01,84,103,103
26-06-2017,11:29:01,83,103,103
26-06-2017,11:29:01,83,103,103
26-06-2017,11:29:01,84,103,103
26-06-2017,11:29:01,83,103,103
26-06-2017,11:29:01,83,103,103
26-06-2017,11:29:01,84,103,103
26-06-2017,11:29:01,84,103,103
26-06-2017,11:29:02,84,103,103
26-06-2017,11:29:02,83,87,103
26-06-2017,11:29:02,84,103,103
26-06-2017,11:29:02,84,103,103
26-06-2017,11:29:02,83,103,103
26-06-2017,11:29:02,84,103,103
26-06-2017,11:29:02,84,103,103
26-06-2017,11:29:02,84,103,103
26-06-2017,11:29:02,84,103,103
26-06-2017,11:29:02,84,103,103
26-06-2017,11:29:02,84,103,103
26-06-2017,11:29:02,83,103,103
26-06-2017,11:29:02,83,103,103
26-06-2017,11:29:02,83,103,103
26-06-2017,11:29:03,84,103,103
26-06-2017,11:29:03,84,103,103
26-06-2017,11:29:03,83,103,103
26-06-2017,11:29:03,84,103,103
26-06-2017,11:29:03,84,103,103
26-06-2017,11:29:03,84,103,103
26-06-2017,11:29:03,84,103,103
26-06-2017,11:29:03,83,103,103
26-06-2017,11:29:03,84,103,103
26-06-2017,11:29:03,83,103,103
26-06-2017,11:29:03,84,103,103
26-06-2017,11:29:03,83,103,103
26-06-2017,11:29:03,84,103,103
26-06-2017,11:29:03,84,103,103
26-06-2017,11:29:03,84,103,103
26-06-2017,11:29:04,84,103,103
26-06-2017,11:29:04,83,103,103
26-06-2017,11:29:04,83,103,103
26-06-2017,11:29:04,84,103,103
26-06-2017,11:29:04,84,103,103
26-06-2017,11:29:04,84,103,103
26-06-2017,11:29:04,83,103,103
26-06-2017,11:29:04,83,103,103
26-06-2017,11:29:04,83,103,103
26-06-2017,11:29:04,84,103,103
26-06-2017,11:29:04,83,103,103
26-06-2017,11:29:04,84,103,103
26-06-2017,11:29:04,84,103,103
26-06-2017,11:29:04,83,103,103
26-06-2017,11:29:04,83,103,103
26-06-2017,11:29:05,83,103,103
26-06-2017,11:29:05,83,103,103
26-06-2017,11:29:05,83,103,103
26-06-2017,11:29:05,83,103,103
26-06-2017,11:29:05,83,103,103
26-06-2017,11:29:05,83,103,103
26-06-2017,11:29:05,83,103,103
26-06-2017,11:29:05,83,103,103
26-06-2017,11:29:05,83,103,103
26-06-2017,11:29:05,83,103,103
26-06-2017,11:29:05,83,103,103
26-06-2017,11:29:05,83,103,103
26-06-2017,11:29:05,83,103,103
26-06-2017,11:29:05,83,103,103
26-06-2017,11:29:06,84,103,103
26-06-2017,11:29:06,84,103,103
26-06-2017,11:29:06,84,103,103
26-06-2017,11:29:06,84,103,103
26-06-2017,11:29:06,84,103,103
26-06-2017,11:29:06,84,103,103
26-06-2017,11:29:06,84,103,103
26-06-2017,11:29:06,84,103,103
26-06-2017,11:29:06,84,103,103
26-06-2017,11:29:06,83,103,103
26-06-2017,11:29:06,84,103,103
26-06-2017,11:29:06,84,103,103
26-06-2017,11:29:06,83,103,103
26-06-2017,11:29:06,84,103,103
26-06-2017,11:29:06,84,103,103
26-06-2017,11:29:07,84,103,103
26-06-2017,11:29:07,83,103,103
26-06-2017,11:29:07,83,103,103
26-06-2017,11:29:07,83,103,103
26-06-2017,11:29:07,84,103,103
26-06-2017,11:29:07,83,103,103
26-06-2017,11:29:07,83,103,103
26-06-2017,11:29:07,83,103,103
26-06-2017,11:29:07,84,103,103
26-06-2017,11:29:07,84,103,103
26-06-2017,11:29:07,83,103,103
26-06-2017,11:29:07,83,103,103
26-06-2017,11:29:07,84,103,103
26-06-2017,11:29:07,84,103,103
26-06-2017,11:29:08,84,103,103
26-06-2017,11:29:08,84,103,103
26-06-2017,11:29:08,84,103,103
26-06-2017,11:29:08,84,103,103
26-06-2017,11:29:08,83,103,103
26-06-2017,11:29:08,84,103,103
26-06-2017,11:29:08,84,103,103
26-06-2017,11:29:08,84,103,103
26-06-2017,11:29:08,84,103,103
26-06-2017,11:29:08,84,103,103
26-06-2017,11:29:08,84,103,103
26-06-2017,11:29:08,84,103,103
26-06-2017,11:29:08,83,103,103
26-06-2017,11:29:08,84,103,103
26-06-2017,11:29:08,84,103,103
26-06-2017,11:29:09,84,103,103
26-06-2017,11:29:09,83,103,103
26-06-2017,11:29:09,83,103,103
26-06-2017,11:29:09,83,103,103
26-06-2017,11:29:09,84,103,103
26-06-2017,11:29:09,83,103,103
26-06-2017,11:29:09,83,103,103
26-06-2017,11:29:09,84,103,103
26-06-2017,11:29:09,84,103,103
26-06-2017,11:29:09,84,103,103
26-06-2017,11:29:09,83,103,103
26-06-2017,11:29:09,83,103,103
26-06-2017,11:29:09,84,103,103
26-06-2017,11:29:09,84,103,103
26-06-2017,11:29:10,84,103,103
26-06-2017,11:29:10,83,103,103
26-06-2017,11:29:10,84,103,103
26-06-2017,11:29:10,84,103,103
26-06-2017,11:29:10,84,103,103
26-06-2017,11:29:10,83,103,103
26-06-2017,11:29:10,84,103,103
26-06-2017,11:29:10,83,103,103
26-06-2017,11:29:10,83,103,103
26-06-2017,11:29:10,84,103,103
26-06-2017,11:29:10,84,103,103
26-06-2017,11:29:10,84,103,103
26-06-2017,11:29:10,84,103,103
26-06-2017,11:29:10,83,103,103
26-06-2017,11:29:10,83,103,10
26-06-2017,11:29:11,83,103,6
26-06-2017,11:29:11,83,103,6
26-06-2017,11:29:11,84,103,6
26-06-2017,11:29:11,83,103,90
26-06-2017,11:29:11,84,103,103
26-06-2017,11:29:11,83,8,71
26-06-2017,11:29:11,83,9,71
26-06-2017,11:29:11,84,103,103
26-06-2017,11:29:11,84,103,103
26-06-2017,11:29:11,84,103,103
26-06-2017,11:29:11,5,75,82
26-06-2017,11:29:11,5,103,103
26-06-2017,11:29:11,5,103,103
26-06-2017,11:29:11,5,81,103
26-06-2017,11:29:11,84,103,103
26-06-2017,11:29:12,84,103,103
26-06-2017,11:29:12,84,103,103
26-06-2017,11:29:12,85,103,103
26-06-2017,11:29:12,83,103,103
26-06-2017,11:29:12,84,103,103
26-06-2017,11:29:12,84,103,89
26-06-2017,11:29:12,83,103,103
26-06-2017,11:29:12,84,103,36
26-06-2017,11:29:12,84,103,103
26-06-2017,11:29:12,83,103,103
26-06-2017,11:29:12,83,103,103
26-06-2017,11:29:12,84,103,103
26-06-2017,11:29:12,84,103,103
26-06-2017,11:29:12,83,103,103
26-06-2017,11:29:12,83,103,103
26-06-2017,11:29:13,83,103,103
26-06-2017,11:29:13,84,103,103
26-06-2017,11:29:13,84,103,103
26-06-2017,11:29:13,83,103,103
26-06-2017,11:29:13,83,103,103
26-06-2017,11:29:13,83,103,103
26-06-2017,11:29:13,83,103,103
26-06-2017,11:29:13,83,103,103
26-06-2017,11:29:13,84,103,103
26-06-2017,11:29:13,84,103,103
26-06-2017,11:29:13,84,103,103
26-06-2017,11:29:13,83,103,103
26-06-2017,11:29:13,86,103,103
26-06-2017,11:29:13,103,103,103
26-06-2017,11:29:14,103,103,103
26-06-2017,11:29:14,103,103,103
26-06-2017,11:29:14,18,103,103
26-06-2017,11:29:14,18,103,103
26-06-2017,11:29:14,24,103,103
26-06-2017,11:29:14,83,103,103
26-06-2017,11:29:14,83,103,103
26-06-2017,11:29:14,84,29,103
26-06-2017,11:29:14,83,31,20
26-06-2017,11:29:14,83,103,45
26-06-2017,11:29:14,84,103,18
26-06-2017,11:29:14,83,103,19
26-06-2017,11:29:14,84,103,27
26-06-2017,11:29:14,83,103,28
26-06-2017,11:29:14,84,103,103
26-06-2017,11:29:14,83,103,33
26-06-2017,11:29:15,83,103,103
26-06-2017,11:29:15,84,103,103
26-06-2017,11:29:15,84,103,103
26-06-2017,11:29:15,83,103,103
26-06-2017,11:29:15,83,103,103
26-06-2017,11:29:15,83,103,103
26-06-2017,11:29:15,83,103,103
26-06-2017,11:29:15,83,103,103
26-06-2017,11:29:15,84,103,103
26-06-2017,11:29:15,83,103,103
26-06-2017,11:29:15,83,103,103
26-06-2017,11:29:15,84,103,103
26-06-2017,11:29:15,84,103,103
26-06-2017,11:29:15,84,103,103
26-06-2017,11:29:16,84,103,103
26-06-2017,11:29:16,83,103,103
26-06-2017,11:29:16,84,103,103
26-06-2017,11:29:16,84,103,103
26-06-2017,11:29:16,84,103,103
26-06-2017,11:29:16,84,103,103
26-06-2017,11:29:16,83,103,103
26-06-2017,11:29:16,84,103,103
26-06-2017,11:29:16,84,103,103
26-06-2017,11:29:16,83,103,103
26-06-2017,11:29:16,84,103,103
26-06-2017,11:29:16,83,103,103
26-06-2017,11:29:16,84,103,103
26-06-2017,11:29:16,84,103,103
26-06-2017,11:29:16,84,103,103
26-06-2017,11:29:17,84,103,103
26-06-2017,11:29:17,84,103,103
26-06-2017,11:29:17,84,103,103
