17-06-2026,11:28:46,84,87,103
26-06-2017,11:28:46,84,87,103
26-06-2017,11:28:47,84,87,103
26-06-2017,11:28:00,63,103,70
26-06-2017,11:28:00,83,86,103
26-06-2017,11:28:00,83,86,103
26-06-2017,11:28:00,83,85,103
26-06-2017,11:28:00,83,84,103
26-06-2017,11:28:00,83,85,103
26-06-2017,11:28:00,83,86,103
26-06-2017,11:28:00,84,86,103
26-06-2017,11:28:00,83,88,103
26-06-2017,11:28:00,84,87,103
26-06-2017,11:28:00,83,87,103
26-06-2017,11:28:00,83,88,103
26-06-2017,11:28:00,83,87,103
26-06-2017,11:28:00,83,86,103
26-06-2017,11:28:00,83,87,57
26-06-2017,11:28:01,83,86,103
26-06-2017,11:28:01,83,85,103
26-06-2017,11:28:01,84,85,103
26-06-2017,11:28:01,83,103,87
26-06-2017,11:28:01,83,87,103
26-06-2017,11:28:01,84,85,103
26-06-2017,11:28:01,83,86,103
26-06-2017,11:28:01,83,87,103
26-06-2017,11:28:01,83,86,103
26-06-2017,11:28:01,84,86,103
26-06-2017,11:28:01,83,87,103
26-06-2017,11:28:01,83,87,103
26-06-2017,11:28:01,84,87,103
26-06-2017,11:28:01,83,87,103
26-06-2017,11:28:01,83,88,103
26-06-2017,11:28:02,83,87,103
26-06-2017,11:28:02,83,86,103
26-06-2017,11:28:02,83,88,103
26-06-2017,11:28:02,84,87,103
26-06-2017,11:28:02,83,87,103
26-06-2017,11:28:02,83,87,103
26-06-2017,11:28:02,83,85,103
26-06-2017,11:28:02,84,86,103
26-06-2017,11:28:02,83,89,103
26-06-2017,11:28:02,83,87,103
26-06-2017,11:28:02,83,87,103
26-06-2017,11:28:02,83,87,103
26-06-2017,11:28:02,83,89,103
26-06-2017,11:28:02,83,85,103
26-06-2017,11:28:02,83,85,103
26-06-2017,11:28:03,83,85,103
26-06-2017,11:28:03,83,86,103
26-06-2017,11:28:03,84,87,103
26-06-2017,11:28:03,83,86,103
26-06-2017,11:28:03,83,87,103
26-06-2017,11:28:03,84,87,103
26-06-2017,11:28:03,83,85,103
26-06-2017,11:28:03,83,86,103
26-06-2017,11:28:03,84,86,103
26-06-2017,11:28:03,83,84,103
26-06-2017,11:28:03,83,85,103
26-06-2017,11:28:03,83,84,103
26-06-2017,11:28:03,83,86,103
26-06-2017,11:28:03,83,88,103
26-06-2017,11:28:04,84,85,103
26-06-2017,11:28:04,83,85,103
26-06-2017,11:28:04,83,87,103
26-06-2017,11:28:04,84,85,103
26-06-2017,11:28:04,83,85,103
26-06-2017,11:28:04,83,86,103
26-06-2017,11:28:04,83,87,103
26-06-2017,11:28:04,83,86,103
26-06-2017,11:28:04,83,87,103
26-06-2017,11:28:04,83,86,103
26-06-2017,11:28:04,83,88,103
26-06-2017,11:28:04,83,86,103
26-06-2017,11:28:04,83,88,91
26-06-2017,11:28:04,84,86,103
26-06-2017,11:28:04,83,85,103
26-06-2017,11:28:05,84,84,103
26-06-2017,11:28:05,83,86,103
26-06-2017,11:28:05,83,87,103
26-06-2017,11:28:05,83,86,103
26-06-2017,11:28:05,84,87,103
26-06-2017,11:28:05,84,87,103
26-06-2017,11:28:05,83,87,103
26-06-2017,11:28:05,84,86,103
26-06-2017,11:28:05,83,87,103
26-06-2017,11:28:05,84,86,103
26-06-2017,11:28:05,84,85,103
26-06-2017,11:28:05,83,86,103
26-06-2017,11:28:05,84,86,103
26-06-2017,11:28:05,84,86,103
26-06-2017,11:28:06,83,86,103
26-06-2017,11:28:06,83,87,103
26-06-2017,11:28:06,84,86,103
26-06-2017,11:28:06,83,86,103
26-06-2017,11:28:06,83,88,103
26-06-2017,11:28:06,84,86,103
26-06-2017,11:28:06,83,88,103
26-06-2017,11:28:06,83,86,103
26-06-2017,11:28:06,84,85,103
26-06-2017,11:28:06,83,86,103
26-06-2017,11:28:06,83,86,103
26-06-2017,11:28:06,84,87,103
26-06-2017,11:28:06,84,86,103
26-06-2017,11:28:06,83,86,103
26-06-2017,11:28:06,83,88,103
26-06-2017,11:28:07,84,86,103
26-06-2017,11:28:07,84,87,103
26-06-2017,11:28:07,84,86,103
26-06-2017,11:28:07,84,86,56
26-06-2017,11:28:07,84,85,103
26-06-2017,11:28:07,83,87,103
26-06-2017,11:28:07,83,86,103
26-06-2017,11:28:07,84,86,103
26-06-2017,11:28:07,84,86,103
26-06-2017,11:28:07,84,86,103
26-06-2017,11:28:07,84,85,103
26-06-2017,11:28:07,84,86,57
26-06-2017,11:28:07,84,85,103
26-06-2017,11:28:07,83,86,14
26-06-2017,11:28:07,84,86,13
26-06-2017,11:28:08,84,85,21
26-06-2017,11:28:08,84,14,22
26-06-2017,11:28:08,84,13,103
26-06-2017,11:28:08,84,20,103
26-06-2017,11:28:08,84,19,103
26-06-2017,11:28:08,83,22,103
26-06-2017,11:28:08,85,103,103
26-06-2017,11:28:08,9,103,103
26-06-2017,11:28:08,8,103,103
26-06-2017,11:28:08,10,78,103
26-06-2017,11:28:08,12,72,103
26-06-2017,11:28:08,86,103,103
26-06-2017,11:28:08,84,103,103
26-06-2017,11:28:08,84,86,103
26-06-2017,11:28:08,84,84,103
26-06-2017,11:28:09,84,86,103
26-06-2017,11:28:09,83,85,103
26-06-2017,11:28:09,84,87,103
26-06-2017,11:28:09,83,85,103
26-06-2017,11:28:09,83,86,103
26-06-2017,11:28:09,83,86,30
26-06-2017,11:28:09,83,87,103
26-06-2017,11:28:09,83,85,103
26-06-2017,11:28:09,83,23,103
26-06-2017,11:28:09,83,22,103
26-06-2017,11:28:09,83,22,103
26-06-2017,11:28:09,84,103,103
26-06-2017,11:28:09,86,103,103
26-06-2017,11:28:09,13,103,103
26-06-2017,11:28:09,20,103,103
26-06-2017,11:28:10,103,103,103
26-06-2017,11:28:10,103,103,103
26-06-2017,11:28:10,103,103,103
26-06-2017,11:28:10,88,103,103
26-06-2017,11:28:10,83,103,103
26-06-2017,11:28:10,84,86,103
26-06-2017,11:28:10,84,87,103
26-06-2017,11:28:10,84,86,103
26-06-2017,11:28:10,84,87,103
26-06-2017,11:28:10,84,85,103
26-06-2017,11:28:10,84,85,103
26-06-2017,11:28:10,84,86,103
26-06-2017,11:28:10,84,84,103
26-06-2017,11:28:10,84,84,103
26-06-2017,11:28:10,83,86,103
26-06-2017,11:28:11,84,86,103
26-06-2017,11:28:11,84,103,103
26-06-2017,11:28:11,84,86,103
26-06-2017,11:28:11,83,88,103
26-06-2017,11:28:11,84,86,103
26-06-2017,11:28:11,84,86,103
26-06-2017,11:28:11,84,103,89
26-06-2017,11:28:11,84,88,103
26-06-2017,11:28:11,84,103,86
26-06-2017,11:28:11,83,86,103
26-06-2017,11:28:11,83,88,103
26-06-2017,11:28:11,84,88,92
26-06-2017,11:28:11,83,91,91
26-06-2017,11:28:11,84,103,86
26-06-2017,11:28:12,83,103,86
26-06-2017,11:28:12,83,90,103
26-06-2017,11:28:12,84,86,103
26-06-2017,11:28:12,83,87,103
26-06-2017,11:28:12,83,87,103
26-06-2017,11:28:12,83,87,103
26-06-2017,11:28:12,84,86,103
26-06-2017,11:28:12,83,87,103
26-06-2017,11:28:12,83,88,103
26-06-2017,11:28:12,84,86,103
26-06-2017,11:28:12,83,86,103
26-06-2017,11:28:12,83,86,103
26-06-2017,11:28:12,83,86,103
26-06-2017,11:28:12,84,103,103
26-06-2017,11:28:12,88,103,103
26-06-2017,11:28:13,103,103,103
26-06-2017,11:28:13,103,103,103
26-06-2017,11:28:13,22,103,103
26-06-2017,11:28:13,23,103,103
26-06-2017,11:28:13,27,103,103
26-06-2017,11:28:13,85,103,103
26-06-2017,11:28:13,83,33,103
26-06-2017,11:28:13,83,28,103
26-06-2017,11:28:13,84,33,103
26-06-2017,11:28:13,84,27,103
26-06-2017,11:28:13,83,28,33
26-06-2017,11:28:13,83,28,32
26-06-2017,11:28:13,86,89,28
26-06-2017,11:28:13,103,103,24
26-06-2017,11:28:13,103,69,24
26-06-2017,11:28:14,17,70,103
26-06-2017,11:28:14,103,103,29
26-06-2017,11:28:14,85,103,103
26-06-2017,11:28:14,83,103,103
26-06-2017,11:28:14,83,103,103
26-06-2017,11:28:14,84,16,103
26-06-2017,11:28:14,83,103,103
26-06-2017,11:28:14,84,29,103
26-06-2017,11:28:14,83,86,103
26-06-2017,11:28:14,84,85,20
26-06-2017,11:28:14,84,85,20
26-06-2017,11:28:14,84,87,103
26-06-2017,11:28:14,83,89,103
26-06-2017,11:28:14,84,86,103
26-06-2017,11:28:14,83,89,32
26-06-2017,11:28:15,83,91,103
26-06-2017,11:28:15,84,103,88
26-06-2017,11:28:15,84,86,103
26-06-2017,11:28:15,84,86,103
26-06-2017,11:28:15,83,86,103
26-06-2017,11:28:15,83,86,103
26-06-2017,11:28:15,84,84,103
26-06-2017,11:28:15,83,85,103
26-06-2017,11:28:15,83,85,103
26-06-2017,11:28:15,83,103,88
26-06-2017,11:28:15,83,103,87
26-06-2017,11:28:15,83,86,103
26-06-2017,11:28:15,83,103,88
26-06-2017,11:28:15,83,103,87
26-06-2017,11:28:15,83,103,87
26-06-2017,11:28:16,84,86,92
26-06-2017,11:28:16,83,86,103
26-06-2017,11:28:16,83,87,103
26-06-2017,11:28:16,84,103,86
26-06-2017,11:28:16,84,88,103
26-06-2017,11:28:16,84,87,103
26-06-2017,11:28:16,84,89,103
26-06-2017,11:28:16,83,89,91
26-06-2017,11:28:16,83,88,103
26-06-2017,11:28:16,83,90,103
26-06-2017,11:28:16,83,89,103
26-06-2017,11:28:16,83,103,87
26-06-2017,11:28:16,83,88,90
26-06-2017,11:28:16,84,89,103
26-06-2017,11:28:16,83,91,103
26-06-2017,11:28:17,83,86,103
26-06-2017,11:28:17,84,85,103
26-06-2017,11:28:17,83,89,103
26-06-2017,11:28:17,84,85,103
26-06-2017,11:28:17,84,86,103
26-06-2017,11:28:17,84,86,103
26-06-2017,11:28:17,83,88,103
26-06-2017,11:28:17,84,86,103
26-06-2017,11:28:17,84,84,103
26-06-2017,11:28:17,83,86,103
26-06-2017,11:28:17,84,86,103
26-06-2017,11:28:17,84,85,103
26-06-2017,11:28:17,83,88,103
26-06-2017,11:28:17,84,69,77
26-06-2017,11:28:18,83,86,15
26-06-2017,11:28:18,84,86,17
26-06-2017,11:28:18,84,86,103
26-06-2017,11:28:18,83,20,25
26-06-2017,11:28:18,84,18,27
26-06-2017,11:28:18,84,17,28
26-06-2017,11:28:18,83,20,103
26-06-2017,11:28:18,83,103,103
26-06-2017,11:28:18,83,103,103
26-06-2017,11:28:18,84,103,103
26-06-2017,11:28:18,85,103,103
26-06-2017,11:28:18,16,103,16
26-06-2017,11:28:18,17,103,103
26-06-2017,11:28:18,17,103,17
26-06-2017,11:28:18,20,65,18
26-06-2017,11:28:18,103,103,17
26-06-2017,11:28:19,85,103,25
26-06-2017,11:28:19,84,21,103
26-06-2017,11:28:19,84,15,27
26-06-2017,11:28:19,83,15,103
26-06-2017,11:28:19,83,22,103
26-06-2017,11:28:19,84,103,103
26-06-2017,11:28:19,83,25,103
26-06-2017,11:28:19,17,103,103
26-06-2017,11:28:19,18,30,103
26-06-2017,11:28:19,20,103,103
26-06-2017,11:28:19,29,103,103
26-06-2017,11:28:19,23,103,103
26-06-2017,11:28:19,32,56,103
26-06-2017,11:28:19,31,54,103
26-06-2017,11:28:19,103,103,103
26-06-2017,11:28:20,36,49,103
26-06-2017,11:28:20,87,88,103
26-06-2017,11:28:20,84,103,103
26-06-2017,11:28:20,84,86,103
26-06-2017,11:28:20,84,85,103
26-06-2017,11:28:20,83,86,103
26-06-2017,11:28:20,83,87,103
26-06-2017,11:28:20,83,85,103
26-06-2017,11:28:20,84,85,103
26-06-2017,11:28:20,84,103,103
26-06-2017,11:28:20,83,86,103
26-06-2017,11:28:20,83,89,103
26-06-2017,11:28:20,83,87,103
26-06-2017,11:28:20,83,86,103
26-06-2017,11:28:20,83,91,103
26-06-2017,11:28:21,84,86,103
26-06-2017,11:28:21,84,87,103
26-06-2017,11:28:21,83,85,103
26-06-2017,11:28:21,83,86,103
26-06-2017,11:28:21,83,86,103
26-06-2017,11:28:21,83,87,103
26-06-2017,11:28:21,83,85,103
26-06-2017,11:28:21,84,86,103
26-06-2017,11:28:21,84,85,103
26-06-2017,11:28:21,83,86,103
26-06-2017,11:28:21,84,91,103
26-06-2017,11:28:21,84,87,103
26-06-2017,11:28:21,84,103,87
26-06-2017,11:28:21,83,103,88
26-06-2017,11:28:21,84,103,87
26-06-2017,11:28:22,83,88,103
26-06-2017,11:28:22,83,85,103
26-06-2017,11:28:22,83,87,103
26-06-2017,11:28:22,83,88,103
26-06-2017,11:28:22,83,86,103
26-06-2017,11:28:22,84,87,103
26-06-2017,11:28:22,83,85,103
26-06-2017,11:28:22,83,85,103
26-06-2017,11:28:22,83,85,103
26-06-2017,11:28:22,83,86,103
26-06-2017,11:28:22,83,87,103
26-06-2017,11:28:22,85,103,103
26-06-2017,11:28:22,103,103,103
26-06-2017,11:28:22,103,103,103
26-06-2017,11:28:23,103,103,103
26-06-2017,11:28:23,24,69,103
26-06-2017,11:28:23,103,103,103
26-06-2017,11:28:23,28,103,103
26-06-2017,11:28:23,31,30,103
26-06-2017,11:28:23,84,31,103
26-06-2017,11:28:23,83,31,103
26-06-2017,11:28:23,83,31,103
26-06-2017,11:28:23,83,33,103
26-06-2017,11:28:23,84,84,103
26-06-2017,11:28:23,83,33,37
26-06-2017,11:28:23,84,33,34
26-06-2017,11:28:23,83,38,35
26-06-2017,11:28:23,70,36,31
26-06-2017,11:28:23,70,103,29
26-06-2017,11:28:23,103,103,27
26-06-2017,11:28:24,103,103,27
26-06-2017,11:28:24,103,103,103
26-06-2017,11:28:24,16,103,103
26-06-2017,11:28:24,103,103,103
26-06-2017,11:28:24,85,103,103
26-06-2017,11:28:24,84,103,103
26-06-2017,11:28:24,83,20,103
26-06-2017,11:28:24,83,103,103
26-06-2017,11:28:24,83,22,103
26-06-2017,11:28:24,83,86,103
26-06-2017,11:28:24,84,84,24
26-06-2017,11:28:24,84,86,23
26-06-2017,11:28:24,84,86,23
26-06-2017,11:28:24,84,84,25
26-06-2017,11:28:24,84,86,30
26-06-2017,11:28:25,84,86,103
26-06-2017,11:28:25,84,85,103
26-06-2017,11:28:25,84,86,103
26-06-2017,11:28:25,84,83,103
26-06-2017,11:28:25,83,84,103
26-06-2017,11:28:25,84,86,103
26-06-2017,11:28:25,84,86,103
26-06-2017,11:28:25,84,84,103
26-06-2017,11:28:25,83,84,103
26-06-2017,11:28:25,84,86,103
26-06-2017,11:28:25,84,87,103
26-06-2017,11:28:25,83,87,103
26-06-2017,11:28:25,83,85,103
26-06-2017,11:28:25,84,86,103
26-06-2017,11:28:25,83,85,103
26-06-2017,11:28:26,84,87,103
26-06-2017,11:28:26,83,86,103
26-06-2017,11:28:26,83,88,103
26-06-2017,11:28:26,84,103,88
26-06-2017,11:28:26,84,86,103
26-06-2017,11:28:26,83,88,103
26-06-2017,11:28:26,84,85,103
26-06-2017,11:28:26,84,85,103
26-06-2017,11:28:26,84,85,103
26-06-2017,11:28:26,84,86,103
26-06-2017,11:28:26,84,85,103
26-06-2017,11:28:26,83,103,87
26-06-2017,11:28:26,83,86,103
26-06-2017,11:28:26,84,86,103
26-06-2017,11:28:27,84,103,86
26-06-2017,11:28:27,84,86,103
26-06-2017,11:28:27,84,87,103
26-06-2017,11:28:27,84,87,103
26-06-2017,11:28:27,84,103,86
26-06-2017,11:28:27,83,88,103
26-06-2017,11:28:27,83,91,103
26-06-2017,11:28:27,84,85,103
26-06-2017,11:28:27,84,86,103
26-06-2017,11:28:27,83,88,103
26-06-2017,11:28:27,84,86,103
26-06-2017,11:28:27,84,85,103
26-06-2017,11:28:27,84,103,103
26-06-2017,11:28:27,84,87,103
26-06-2017,11:28:27,84,86,103
26-06-2017,11:28:28,84,87,103
26-06-2017,11:28:28,83,90,103
26-06-2017,11:28:28,84,103,86
26-06-2017,11:28:28,84,90,103
26-06-2017,11:28:28,84,86,103
26-06-2017,11:28:28,83,86,103
26-06-2017,11:28:28,84,87,103
26-06-2017,11:28:28,84,86,103
26-06-2017,11:28:28,83,86,103
26-06-2017,11:28:28,83,86,103
26-06-2017,11:28:28,84,87,103
26-06-2017,11:28:28,83,86,103
26-06-2017,11:28:28,83,90,103
26-06-2017,11:28:28,83,89,103
26-06-2017,11:28:28,84,90,103
26-06-2017,11:28:29,84,92,103
26-06-2017,11:28:29,84,103,87
26-06-2017,11:28:29,83,87,103
26-06-2017,11:28:29,83,87,103
26-06-2017,11:28:29,83,86,103
26-06-2017,11:28:29,83,88,103
26-06-2017,11:28:29,84,86,103
26-06-2017,11:28:29,84,87,103
26-06-2017,11:28:29,83,86,103
26-06-2017,11:28:29,84,88,103
26-06-2017,11:28:29,84,87,103
26-06-2017,11:28:29,83,87,103
26-06-2017,11:28:29,83,85,103
26-06-2017,11:28:29,83,86,103
26-06-2017,11:28:30,83,85,103
26-06-2017,11:28:30,83,87,103
26-06-2017,11:28:30,84,85,103
26-06-2017,11:28:30,83,87,103
26-06-2017,11:28:30,83,86,103
26-06-2017,11:28:30,84,85,103
26-06-2017,11:28:30,83,86,103
26-06-2017,11:28:30,84,85,103
26-06-2017,11:28:30,83,86,103
26-06-2017,11:28:30,84,87,103
26-06-2017,11:28:30,83,88,103
26-06-2017,11:28:30,84,86,103
26-06-2017,11:28:30,84,86,103
26-06-2017,11:28:30,83,87,103
26-06-2017,11:28:30,83,86,103
26-06-2017,11:28:31,83,87,103
26-06-2017,11:28:31,83,86,103
26-06-2017,11:28:31,83,87,103
26-06-2017,11:28:31,84,85,103
26-06-2017,11:28:31,84,86,103
26-06-2017,11:28:31,83,87,103
26-06-2017,11:28:31,84,85,103
26-06-2017,11:28:31,83,87,103
26-06-2017,11:28:31,83,86,103
26-06-2017,11:28:31,83,86,103
26-06-2017,11:28:31,83,87,103
26-06-2017,11:28:31,83,85,103
26-06-2017,11:28:31,83,86,103
26-06-2017,11:28:31,84,88,92
26-06-2017,11:28:32,83,85,103
26-06-2017,11:28:32,83,86,103
26-06-2017,11:28:32,83,88,103
26-06-2017,11:28:32,83,86,103
26-06-2017,11:28:32,83,87,103
26-06-2017,11:28:32,83,85,103
26-06-2017,11:28:32,84,87,103
26-06-2017,11:28:32,83,88,103
26-06-2017,11:28:32,83,86,103
26-06-2017,11:28:32,84,87,103
26-06-2017,11:28:32,83,87,103
26-06-2017,11:28:32,84,87,103
26-06-2017,11:28:32,83,86,103
26-06-2017,11:28:32,84,86,103
26-06-2017,11:28:32,83,86,103
26-06-2017,11:28:33,83,87,103
26-06-2017,11:28:33,83,87,103
26-06-2017,11:28:33,83,88,103
26-06-2017,11:28:33,83,87,103
26-06-2017,11:28:33,83,87,103
26-06-2017,11:28:33,84,87,103
26-06-2017,11:28:33,83,88,103
26-06-2017,11:28:33,84,87,103
26-06-2017,11:28:33,84,85,103
26-06-2017,11:28:33,83,89,103
26-06-2017,11:28:33,83,86,103
26-06-2017,11:28:33,84,85,103
26-06-2017,11:28:33,83,87,103
26-06-2017,11:28:33,84,86,103
26-06-2017,11:28:33,84,86,103
26-06-2017,11:28:34,84,85,103
26-06-2017,11:28:34,84,86,103
26-06-2017,11:28:34,83,87,103
26-06-2017,11:28:34,84,86,103
26-06-2017,11:28:34,83,86,103
26-06-2017,11:28:34,83,86,103
26-06-2017,11:28:34,84,87,103
26-06-2017,11:28:34,83,87,103
26-06-2017,11:28:34,83,86,103
26-06-2017,11:28:34,84,85,103
26-06-2017,11:28:34,83,86,103
26-06-2017,11:28:34,84,85,103
26-06-2017,11:28:34,84,85,103
26-06-2017,11:28:34,84,84,103
26-06-2017,11:28:35,83,86,103
26-06-2017,11:28:35,84,86,103
26-06-2017,11:28:35,84,86,103
26-06-2017,11:28:35,83,87,103
26-06-2017,11:28:35,83,86,103
26-06-2017,11:28:35,84,85,103
26-06-2017,11:28:35,83,85,103
26-06-2017,11:28:35,83,85,103
26-06-2017,11:28:35,84,87,103
26-06-2017,11:28:35,83,85,103
26-06-2017,11:28:35,84,86,103
26-06-2017,11:28:35,84,87,103
26-06-2017,11:28:35,83,86,103
26-06-2017,11:28:35,84,87,103
26-06-2017,11:28:35,84,85,103
26-06-2017,11:28:36,84,86,103
26-06-2017,11:28:36,84,86,103
26-06-2017,11:28:36,83,88,103
26-06-2017,11:28:36,84,86,103
26-06-2017,11:28:36,83,91,103
26-06-2017,11:28:36,83,87,103
26-06-2017,11:28:36,84,86,103
26-06-2017,11:28:36,84,87,103
26-06-2017,11:28:36,84,88,103
26-06-2017,11:28:36,84,85,103
26-06-2017,11:28:36,84,86,103
26-06-2017,11:28:36,83,88,103
26-06-2017,11:28:36,84,86,103
26-06-2017,11:28:36,84,86,103
26-06-2017,11:28:36,83,87,103
26-06-2017,11:28:37,84,86,103
26-06-2017,11:28:37,84,85,103
26-06-2017,11:28:37,84,85,103
26-06-2017,11:28:37,84,86,103
26-06-2017,11:28:37,84,86,103
26-06-2017,11:28:37,84,86,103
26-06-2017,11:28:37,84,103,87
26-06-2017,11:28:37,84,85,103
26-06-2017,11:28:37,84,86,103
26-06-2017,11:28:37,83,87,103
26-06-2017,11:28:37,83,87,103
26-06-2017,11:28:37,83,87,103
26-06-2017,11:28:37,84,88,103
26-06-2017,11:28:37,83,88,103
26-06-2017,11:28:38,84,86,103
26-06-2017,11:28:38,84,89,103
26-06-2017,11:28:38,83,89,103
26-06-2017,11:28:38,84,87,103
26-06-2017,11:28:38,84,87,103
26-06-2017,11:28:38,83,91,103
26-06-2017,11:28:38,83,87,103
26-06-2017,11:28:38,83,89,91
26-06-2017,11:28:38,84,85,103
26-06-2017,11:28:38,83,87,103
26-06-2017,11:28:38,84,86,103
26-06-2017,11:28:38,84,85,103
26-06-2017,11:28:38,84,85,103
26-06-2017,11:28:38,83,86,103
26-06-2017,11:28:38,84,84,103
26-06-2017,11:28:39,84,85,103
26-06-2017,11:28:39,84,85,103
26-06-2017,11:28:39,83,86,103
26-06-2017,11:28:39,83,87,103
26-06-2017,11:28:39,84,85,103
26-06-2017,11:28:39,84,86,103
26-06-2017,11:28:39,84,86,103
26-06-2017,11:28:39,84,87,103
26-06-2017,11:28:39,84,87,103
26-06-2017,11:28:39,84,87,103
26-06-2017,11:28:39,84,87,103
26-06-2017,11:28:39,84,86,103
26-06-2017,11:28:39,84,87,103
26-06-2017,11:28:39,84,87,103
26-06-2017,11:28:39,84,87,103
26-06-2017,11:28:40,83,87,103
26-06-2017,11:28:40,84,84,103
26-06-2017,11:28:40,84,84,4
26-06-2017,11:28:40,83,87,4
26-06-2017,11:28:40,83,87,3
26-06-2017,11:28:40,84,85,3
26-06-2017,11:28:40,83,86,4
26-06-2017,11:28:40,84,85,103
26-06-2017,11:28:40,83,88,103
26-06-2017,11:28:40,84,4,75
26-06-2017,11:28:40,83,10,70
26-06-2017,11:28:40,83,103,86
26-06-2017,11:28:40,83,7,72
26-06-2017,11:28:40,83,86,103
26-06-2017,11:28:40,83,87,103
26-06-2017,11:28:41,84,86,103
26-06-2017,11:28:41,86,103,103
26-06-2017,11:28:41,3,83,103
26-06-2017,11:28:41,4,82,78
26-06-2017,11:28:41,4,81,103
26-06-2017,11:28:41,84,103,89
26-06-2017,11:28:41,84,86,103
26-06-2017,11:28:41,83,87,103
26-06-2017,11:28:41,84,89,103
26-06-2017,11:28:41,83,88,103
26-06-2017,11:28:41,83,87,103
26-06-2017,11:28:41,84,87,103
26-06-2017,11:28:41,84,89,90
26-06-2017,11:28:41,83,88,103
26-06-2017,11:28:41,83,86,103
26-06-2017,11:28:42,83,85,103
26-06-2017,11:28:42,83,87,56
26-06-2017,11:28:42,84,87,103
26-06-2017,11:28:42,83,103,103
26-06-2017,11:28:42,83,103,87
26-06-2017,11:28:42,83,85,103
26-06-2017,11:28:42,83,85,103
26-06-2017,11:28:42,83,86,103
26-06-2017,11:28:42,84,86,103
26-06-2017,11:28:42,84,85,103
26-06-2017,11:28:42,83,86,103
26-06-2017,11:28:42,83,88,103
26-06-2017,11:28:42,83,87,103
26-06-2017,11:28:42,83,89,103
26-06-2017,11:28:43,83,103,87
26-06-2017,11:28:43,83,86,103
26-06-2017,11:28:43,83,87,103
26-06-2017,11:28:43,83,92,103
26-06-2017,11:28:43,84,87,103
26-06-2017,11:28:43,84,85,103
26-06-2017,11:28:43,83,84,103
26-06-2017,11:28:43,84,84,103
26-06-2017,11:28:43,84,86,58
26-06-2017,11:28:43,84,103,87
26-06-2017,11:28:43,84,103,88
26-06-2017,11:28:43,83,87,103
26-06-2017,11:28:43,84,103,87
26-06-2017,11:28:43,84,91,103
26-06-2017,11:28:43,83,87,103
26-06-2017,11:28:44,83,87,56
26-06-2017,11:28:44,83,87,103
26-06-2017,11:28:44,83,87,103
26-06-2017,11:28:44,84,86,103
